{
	"height" : 480,
	"intrinsic_matrix" : 
	[
		607.88494873046875,
		0.0,
		0.0,
		0.0,
		607.69317626953125,
		0.0,
		325.304443359375,
		245.63209533691406,
		1.0
	],
	"width" : 640
}